[
  { "_id": "fvpORe-t", "name": "famous-quotes" },
  { "_id": "poT-7QEBm", "name": "life" },
  { "_id": "rnrd8q9X1", "name": "love" },
  { "_id": "JCMoLDds9", "name": "inspirational" },
  { "_id": "M83oc3scg", "name": "business" },
  { "_id": "KBWnDu4rH", "name": "history" },
  { "_id": "96NNdxeI_", "name": "politics" },
  { "_id": "krXU-q4FE", "name": "friendship" },
  { "_id": "6J1qxxuj3", "name": "wisdom" },
  { "_id": "k97A51Uf5", "name": "happiness" },
  { "_id": "p5xRCWCdU", "name": "proverb" },
  { "_id": "-7GEUrC5r", "name": "faith" },
  { "_id": "OMnUd1CUg", "name": "future" },
  { "_id": "vmVZQ72P_", "name": "nature" },
  { "_id": "tWLCsyf_K", "name": "religion" },
  { "_id": "Gq75KBrfb", "name": "technology" },
  { "_id": "wm1HFcO8vf", "name": "success" },
  { "_id": "qO4zwIUdFW", "name": "science" },
  { "_id": "kqzFRe-4V4", "name": "education" }
]
